Metric,Value
Accuracy,0.977032222940556
Precision,0.9951187362263918
Recall,0.9643142264090692
F1 Score,0.9794743403914573
ROC AUC Score,0.9971423784481043
